AFM Industries,5,153,2,3,0.57%
AFM Industries,0,386,1,4,0.27%
AFM Industries,6,254,4,5,0.69%
AFM Industries,10,168,2,2,0.32%
AFM Industries,3,313,4,1,0.33%
AFM Industries,8,404,2,5,0.38%
AFM Industries,26,322,3,1,0.06%
AFM Industries,2,330,5,1,0.08%
AFM Industries,3,491,1,5,0.17%
AFM Industries,9,206,4,5,0.69%
AFM Industries,8,452,7,1,0.43%
AFM Industries,14,173,6,3,0.42%
AFM Industries,27,283,6,2,0.89%
AFM Industries,2,149,6,2,0.11%
AFM Industries,8,280,6,4,0.92%
AFM Industries,1,310,5,1,0.89%
AFM Industries,18,487,7,3,0.94%
AFM Industries,5,345,8,1,0.76%
AFM Industries,3,53,1,3,0.07%
AFM Industries,16,97,9,3,0.40%
AFM Industries,24,356,8,5,0.88%
AFM Industries,15,489,9,4,0.01%
AFM Industries,20,275,10,2,0.18%
AFM Industries,18,126,8,1,0.85%
AFM Industries,9,320,7,2,0.77%
AFM Industries,13,255,8,1,0.02%
AFM Industries,4,375,8,5,0.26%
AFM Industries,15,493,5,4,0.06%
AFM Industries,20,423,2,2,0.63%
AFM Industries,25,204,5,5,0.97%
AFM Industries,14,446,1,1,0.23%
AFM Industries,15,488,3,5,0.66%
AFM Industries,20,453,1,5,0.78%
AFM Industries,1,273,4,4,0.32%
AFM Industries,17,257,9,3,0.45%
AFM Industries,28,21,10,5,0.31%
AFM Industries,8,467,7,2,0.83%
AFM Industries,24,114,6,2,0.11%
AFM Industries,8,378,9,3,0.54%
AFM Industries,25,276,8,1,0.86%
AFM Industries,16,28,10,5,0.83%
AFM Industries,26,67,3,5,0.16%
AFM Industries,16,394,8,4,0.50%
AFM Industries,27,243,1,1,0.57%
AFM Industries,1,271,6,3,0.28%
AFM Industries,13,49,4,2,0.71%
AFM Industries,24,439,10,1,0.26%
AFM Industries,26,141,3,1,0.70%
AFM Industries,25,91,9,4,0.64%
AFM Industries,20,157,8,4,0.39%
AFM Industries,10,161,5,3,0.58%
AFM Industries,18,492,2,5,0.71%
AFM Industries,8,77,8,2,0.54%
AFM Industries,5,134,3,3,0.62%
AFM Industries,1,403,8,3,0.59%
AFM Industries,0,98,1,3,0.99%
AFM Industries,3,500,3,1,0.87%
AFM Industries,3,319,1,3,0.61%
AFM Industries,17,132,5,3,0.85%
AFM Industries,15,255,4,2,0.78%
AFM Industries,5,182,3,3,0.78%
AFM Industries,13,356,3,1,0.98%
AFM Industries,17,200,6,5,0.68%
AFM Industries,24,152,8,1,0.00%
AFM Industries,3,280,5,4,0.72%
AFM Industries,26,283,9,4,0.72%
AFM Industries,15,437,6,1,0.40%
AFM Industries,11,195,2,2,0.62%
AFM Industries,11,21,3,5,0.71%
AFM Industries,10,415,9,5,0.35%
AFM Industries,28,450,5,4,0.60%
AFM Industries,22,232,9,5,0.36%
AFM Industries,8,170,1,5,0.90%
AFM Industries,4,310,5,1,0.78%
AFM Industries,11,74,10,3,0.16%
AFM Industries,8,293,1,3,0.43%
AFM Industries,13,448,9,4,0.61%
AFM Industries,16,166,3,3,0.99%
AFM Industries,12,268,10,4,0.45%
AFM Industries,3,39,8,3,0.75%
AFM Industries,21,465,4,3,0.58%
AFM Industries,23,148,3,5,0.52%
AFM Industries,26,312,1,3,0.69%
AFM Industries,17,373,6,4,0.51%
AFM Industries,16,348,7,5,0.97%
AFM Industries,22,311,3,2,0.48%
AFM Industries,25,272,6,1,0.48%
AFM Industries,11,21,3,5,0.79%
AFM Industries,12,240,1,5,0.18%
AFM Industries,1,101,4,3,0.54%
AFM Industries,23,469,8,1,0.13%
AFM Industries,9,309,6,4,0.92%
AFM Industries,1,151,3,3,0.38%
AFM Industries,7,436,3,3,0.13%
AFM Industries,0,485,6,2,0.48%
AFM Industries,17,295,6,3,0.36%
AFM Industries,1,306,10,5,0.09%
AFM Industries,0,38,1,4,0.48%
AFM Industries,22,54,8,5,0.66%
AFM Industries,27,86,3,2,0.65%
AFM Industries,6,94,9,5,0.43%
AFM Industries,27,76,1,2,0.21%
AFM Industries,23,398,4,2,0.07%
AFM Industries,27,396,6,2,0.31%
AFM Industries,25,50,9,3,0.67%
AFM Industries,4,257,4,4,0.83%
AFM Industries,2,146,4,2,0.62%
AFM Industries,8,71,7,5,0.45%
AFM Industries,11,458,9,2,0.15%
AFM Industries,6,161,1,1,0.72%
AFM Industries,24,129,3,2,0.92%
AFM Industries,23,98,1,2,0.98%
AFM Industries,21,220,2,5,0.80%
AFM Industries,2,240,5,2,0.19%
AFM Industries,3,171,10,4,0.56%
AFM Industries,20,150,10,1,0.26%
AFM Industries,6,426,5,3,0.54%
AFM Industries,16,414,5,2,0.38%
AFM Industries,28,370,3,5,0.26%
AFM Industries,10,454,6,4,0.04%
AFM Industries,24,383,7,1,0.91%
AFM Industries,9,438,10,1,0.75%
AFM Industries,28,83,2,1,0.17%
AFM Industries,5,149,4,5,0.54%
AFM Industries,27,471,2,3,0.28%
AFM Industries,12,52,4,1,0.89%
AFM Industries,7,93,4,5,0.87%
AFM Industries,4,280,7,3,0.73%
AFM Industries,23,414,10,3,0.91%
AFM Industries,19,42,9,1,0.91%
AFM Industries,17,64,9,2,0.91%
AFM Industries,20,327,7,1,0.39%
AFM Industries,27,183,6,1,0.24%
AFM Industries,17,354,5,5,0.84%
AFM Industries,0,57,5,3,0.99%
AFM Industries,22,15,10,1,0.59%
AFM Industries,18,436,10,5,0.35%
AFM Industries,5,199,2,4,0.48%
AFM Industries,20,173,2,4,0.33%
AFM Industries,24,89,2,3,0.33%
AFM Industries,26,410,6,4,0.88%
AFM Industries,12,223,6,2,0.18%
AFM Industries,1,142,4,5,0.10%
AFM Industries,13,277,6,3,0.03%
AFM Industries,1,433,2,2,0.84%
AFM Industries,27,264,6,3,0.05%
AFM Industries,10,299,5,2,0.13%
AFM Industries,26,247,7,5,0.98%
AFM Industries,13,463,4,5,0.86%
AFM Industries,11,351,10,3,0.41%
AFM Industries,28,254,2,5,0.39%
AFM Industries,27,314,7,4,0.77%
AFM Industries,12,37,5,1,0.11%
AFM Industries,20,197,3,1,0.47%
AFM Industries,25,247,5,2,0.95%
AFM Industries,26,165,2,1,0.61%
AFM Industries,22,232,4,5,0.23%
AFM Industries,15,431,5,5,0.27%
AFM Industries,22,359,6,5,0.08%
AFM Industries,20,255,7,3,0.77%
AFM Industries,7,424,4,5,0.54%
AFM Industries,3,373,1,3,0.48%
AFM Industries,28,259,5,2,0.29%
AFM Industries,21,86,2,4,0.15%
AFM Industries,1,468,7,1,0.69%
AFM Industries,25,97,9,1,0.60%
AFM Industries,16,306,3,4,0.29%
AFM Industries,28,424,4,2,0.23%
AFM Industries,25,128,6,5,0.91%
AFM Industries,0,112,4,1,0.66%
AFM Industries,27,199,1,2,0.96%
AFM Industries,0,198,8,2,0.39%
AFM Industries,0,141,3,4,0.99%
AFM Industries,0,120,9,2,0.10%
AFM Industries,14,172,10,2,0.00%
AFM Industries,20,21,4,5,0.11%
AFM Industries,21,133,7,3,0.46%
AFM Industries,5,333,1,5,0.02%
AFM Industries,6,280,3,1,0.34%
AFM Industries,20,145,1,2,0.43%
AFM Industries,18,347,5,3,0.37%
AFM Industries,11,481,10,1,0.95%
AFM Industries,21,389,3,2,0.86%
AFM Industries,5,30,1,5,0.95%
AFM Industries,2,428,4,4,0.95%
AFM Industries,4,335,2,2,0.87%
AFM Industries,22,241,10,5,0.77%
AFM Industries,21,368,3,3,0.26%
AFM Industries,18,386,10,2,0.25%
AFM Industries,24,19,7,3,0.24%
AFM Industries,26,91,10,5,0.57%
AFM Industries,5,256,2,5,0.50%
AFM Industries,1,120,3,3,0.64%
AFM Industries,17,458,5,4,0.81%
AFM Industries,8,456,7,5,0.78%
AFM Industries,15,304,6,3,0.08%
AFM Industries,14,337,9,5,1.00%
AFM Industries,15,497,1,2,0.54%
AFM Industries,6,138,2,3,0.49%
AFM Industries,3,315,9,3,1.00%
AFM Industries,2,281,8,1,0.57%
AFM Industries,26,263,10,2,0.80%
AFM Industries,14,408,1,3,0.73%
AFM Industries,24,438,10,1,0.69%
AFM Industries,21,58,10,3,0.04%
AFM Industries,0,222,1,2,0.69%
AFM Industries,22,83,2,4,0.24%
AFM Industries,28,449,2,2,0.80%
AFM Industries,6,136,6,5,0.31%
AFM Industries,6,243,7,2,0.45%
AFM Industries,21,36,6,5,0.38%
AFM Industries,13,44,9,1,0.29%
AFM Industries,6,203,7,3,0.05%
AFM Industries,6,21,4,5,0.05%
AFM Industries,26,216,5,3,0.81%
AFM Industries,23,478,5,1,0.01%
AFM Industries,13,78,3,3,0.24%
AFM Industries,15,327,5,4,0.90%
AFM Industries,8,405,5,3,0.11%
AFM Industries,26,283,2,3,0.72%
AFM Industries,21,270,2,4,0.75%
AFM Industries,4,113,8,1,0.83%
AFM Industries,0,211,7,1,0.33%
AFM Industries,26,292,2,2,0.92%
AFM Industries,24,75,3,3,0.11%
AFM Industries,14,125,8,4,0.73%
AFM Industries,27,290,9,5,0.33%
AFM Industries,7,323,2,3,0.99%
AFM Industries,22,359,8,4,0.56%
AFM Industries,24,183,1,1,0.96%
AFM Industries,3,402,2,1,0.46%
AFM Industries,23,162,6,5,0.23%
AFM Industries,14,182,2,5,0.12%
AFM Industries,1,279,8,4,0.17%
AFM Industries,13,467,2,1,0.55%
AFM Industries,4,17,8,3,0.55%
AFM Industries,7,301,3,1,0.37%
AFM Industries,6,78,1,4,0.59%
AFM Industries,6,177,7,5,0.62%
AFM Industries,10,484,6,4,0.72%
AFM Industries,4,285,2,2,0.92%
AFM Industries,27,330,3,5,0.19%
AFM Industries,15,140,4,5,0.81%
AFM Industries,16,212,3,1,0.52%
AFM Industries,6,427,2,5,0.10%
AFM Industries,15,64,5,1,0.49%
AFM Industries,3,481,2,3,0.13%
AFM Industries,25,83,2,5,0.04%
AFM Industries,26,234,2,5,0.80%
AFM Industries,26,111,4,3,0.86%
AFM Industries,6,470,1,5,0.02%
AFM Industries,23,494,10,3,0.63%
AFM Industries,0,274,3,3,0.73%
AFM Industries,2,177,4,3,0.06%
AFM Industries,21,311,3,1,0.45%
AFM Industries,14,373,8,4,0.56%
AFM Industries,5,93,5,1,0.83%
AFM Industries,9,65,5,1,0.18%
AFM Industries,28,121,4,1,0.81%
AFM Industries,8,114,9,4,0.01%
AFM Industries,13,283,10,1,0.67%
AFM Industries,10,244,7,4,1.00%
AFM Industries,21,206,9,5,0.05%
AFM Industries,4,381,7,1,0.49%
AFM Industries,16,386,10,2,0.05%
AFM Industries,11,200,2,5,0.98%
AFM Industries,13,274,5,2,0.78%
Champion Aerospace,11,167,2,2,0.11%
Champion Aerospace,18,67,8,2,0.28%
Champion Aerospace,15,378,1,2,0.78%
Champion Aerospace,2,31,1,5,0.38%
Champion Aerospace,25,110,2,5,0.98%
Champion Aerospace,22,121,9,3,0.98%
Champion Aerospace,17,424,9,3,0.50%
Champion Aerospace,5,231,3,2,0.44%
Champion Aerospace,9,123,2,1,0.72%
Champion Aerospace,15,123,10,1,0.15%
Champion Aerospace,25,227,7,5,0.45%
Champion Aerospace,12,297,6,1,0.18%
Champion Aerospace,9,407,5,2,0.89%
Champion Aerospace,15,104,4,3,0.43%
Champion Aerospace,5,217,4,3,0.50%
Champion Aerospace,27,460,6,3,0.16%
Champion Aerospace,13,232,3,5,0.11%
Champion Aerospace,22,368,1,3,0.25%
Champion Aerospace,7,229,2,4,0.39%
Champion Aerospace,22,374,4,1,0.81%
Champion Aerospace,23,186,4,4,0.81%
Champion Aerospace,19,133,7,1,0.28%
Champion Aerospace,13,421,7,5,0.85%
Champion Aerospace,13,62,4,3,0.79%
Champion Aerospace,5,414,4,3,0.61%
Champion Aerospace,8,248,1,3,0.20%
Champion Aerospace,27,231,2,3,0.25%
Champion Aerospace,7,282,8,1,0.98%
Champion Aerospace,27,24,2,2,0.01%
Champion Aerospace,10,173,5,3,0.41%
Champion Aerospace,20,488,5,4,0.96%
Champion Aerospace,5,402,2,5,0.35%
Champion Aerospace,5,240,1,5,0.01%
Champion Aerospace,15,311,10,5,0.47%
Champion Aerospace,14,447,2,1,0.93%
Champion Aerospace,24,190,6,3,0.22%
Champion Aerospace,12,328,1,4,0.30%
Champion Aerospace,3,68,7,5,0.81%
Champion Aerospace,16,30,8,1,0.31%
Champion Aerospace,0,17,7,2,0.90%
Champion Aerospace,11,363,10,2,0.84%
Champion Aerospace,28,488,8,1,0.60%
Champion Aerospace,15,165,1,3,0.38%
Champion Aerospace,23,344,2,2,0.40%
Champion Aerospace,0,50,1,5,0.05%
Champion Aerospace,27,211,9,3,0.55%
Champion Aerospace,15,148,6,4,0.77%
Champion Aerospace,27,127,5,5,0.11%
Champion Aerospace,13,58,4,1,0.68%
Champion Aerospace,4,401,3,1,0.21%
Champion Aerospace,2,380,10,4,0.52%
Champion Aerospace,22,130,8,4,0.28%
Champion Aerospace,22,94,1,5,0.05%
Champion Aerospace,6,230,5,2,0.99%
Champion Aerospace,16,424,9,1,1.00%
Champion Aerospace,23,412,10,5,0.11%
Champion Aerospace,9,52,4,1,0.55%
Champion Aerospace,5,360,8,3,0.34%
Champion Aerospace,28,85,5,4,0.91%
Champion Aerospace,2,330,9,4,0.17%
Champion Aerospace,11,440,10,5,0.66%
Champion Aerospace,2,52,9,1,0.09%
Champion Aerospace,11,440,7,4,0.12%
Champion Aerospace,4,389,10,4,0.96%
Champion Aerospace,15,401,2,2,0.45%
Champion Aerospace,14,79,6,2,0.08%
Champion Aerospace,13,209,8,5,0.40%
Champion Aerospace,7,323,7,1,0.64%
Champion Aerospace,14,158,1,4,0.60%
Champion Aerospace,27,451,2,3,0.93%
Champion Aerospace,4,62,10,4,0.73%
Champion Aerospace,23,321,8,3,0.45%
Champion Aerospace,11,150,3,2,0.61%
Champion Aerospace,25,15,3,3,0.26%
Champion Aerospace,21,462,6,4,0.48%
Champion Aerospace,21,232,1,2,0.41%
Champion Aerospace,6,449,4,2,0.32%
Champion Aerospace,8,425,3,4,0.98%
Champion Aerospace,21,238,9,1,0.17%
Champion Aerospace,16,242,4,5,0.46%
Champion Aerospace,1,327,8,1,0.59%
Champion Aerospace,4,109,5,5,0.82%
Champion Aerospace,13,363,4,4,0.56%
Champion Aerospace,4,202,4,1,0.57%
Champion Aerospace,21,442,3,3,0.04%
Champion Aerospace,18,148,2,1,0.56%
Champion Aerospace,17,71,5,5,0.79%
Champion Aerospace,15,493,8,2,0.83%
Champion Aerospace,27,264,9,1,0.32%
Champion Aerospace,10,64,3,1,0.01%
Future Metals,2,281,5,3,0.52%
Future Metals,22,27,10,5,0.86%
Future Metals,24,282,7,5,0.66%
Future Metals,3,16,7,3,0.94%
Future Metals,1,117,1,2,0.64%
Future Metals,13,476,6,5,0.36%
Future Metals,25,200,6,2,0.21%
Future Metals,7,263,7,5,0.24%
Future Metals,13,492,7,5,0.50%
Future Metals,2,76,6,4,0.50%
Future Metals,7,72,6,1,0.65%
Future Metals,23,10,3,2,0.27%
Future Metals,4,114,8,3,0.25%
Future Metals,20,11,2,2,0.63%
Future Metals,14,458,6,2,0.06%
Future Metals,28,237,8,5,0.61%
Future Metals,2,361,9,1,0.34%
Future Metals,8,71,10,4,0.39%
Smoak Designs,7,316,8,1,0.20%
The Goodyear Tire and Rubber Company,13,400,1,1,0.23%
The Goodyear Tire and Rubber Company,13,392,8,1,0.01%
The Goodyear Tire and Rubber Company,13,14,8,2,0.18%
The Goodyear Tire and Rubber Company,27,112,8,1,0.48%
The Goodyear Tire and Rubber Company,1,53,1,1,0.37%
The Goodyear Tire and Rubber Company,0,407,5,3,0.86%
The Goodyear Tire and Rubber Company,20,357,8,1,0.24%
The Goodyear Tire and Rubber Company,9,360,7,3,0.15%
The Goodyear Tire and Rubber Company,7,353,10,5,0.46%
The Goodyear Tire and Rubber Company,28,182,3,2,0.30%
The Goodyear Tire and Rubber Company,12,270,10,1,0.19%
The Goodyear Tire and Rubber Company,10,112,2,3,0.67%
The Goodyear Tire and Rubber Company,26,182,10,3,0.79%
The Goodyear Tire and Rubber Company,16,196,3,3,0.98%
The Goodyear Tire and Rubber Company,3,416,8,3,0.10%
The Goodyear Tire and Rubber Company,3,463,4,2,0.03%
The Goodyear Tire and Rubber Company,22,403,5,3,0.43%
The Goodyear Tire and Rubber Company,23,82,8,5,0.21%
The Goodyear Tire and Rubber Company,22,480,6,4,0.44%
The Goodyear Tire and Rubber Company,2,101,2,1,0.31%
The Goodyear Tire and Rubber Company,25,157,9,2,0.97%
The Goodyear Tire and Rubber Company,14,89,1,3,0.33%
The Goodyear Tire and Rubber Company,16,72,2,4,0.96%
The Goodyear Tire and Rubber Company,26,189,5,1,0.74%
The Goodyear Tire and Rubber Company,0,225,7,5,0.40%
The Goodyear Tire and Rubber Company,2,51,5,2,0.11%
The Goodyear Tire and Rubber Company,26,322,6,1,0.22%
The Goodyear Tire and Rubber Company,26,432,8,1,0.02%
The Goodyear Tire and Rubber Company,10,233,9,4,0.68%
The Goodyear Tire and Rubber Company,22,334,5,5,0.51%
The Goodyear Tire and Rubber Company,25,247,2,4,0.54%
The Goodyear Tire and Rubber Company,5,305,2,4,0.64%
The Goodyear Tire and Rubber Company,22,110,10,5,0.41%
The Goodyear Tire and Rubber Company,1,373,5,4,0.61%
The Goodyear Tire and Rubber Company,17,390,6,3,0.41%
The Goodyear Tire and Rubber Company,6,273,2,5,0.62%
The Goodyear Tire and Rubber Company,2,300,3,4,0.86%
The Goodyear Tire and Rubber Company,3,207,8,2,0.19%
The Goodyear Tire and Rubber Company,2,136,1,3,0.98%
The Goodyear Tire and Rubber Company,6,64,7,3,0.63%
The Goodyear Tire and Rubber Company,21,126,2,3,0.96%
The Goodyear Tire and Rubber Company,6,128,10,5,0.73%
The Goodyear Tire and Rubber Company,10,70,10,4,0.15%
The Goodyear Tire and Rubber Company,9,447,7,2,0.13%
The Goodyear Tire and Rubber Company,17,219,3,5,0.49%
The Goodyear Tire and Rubber Company,17,143,7,4,0.87%
The Goodyear Tire and Rubber Company,21,472,2,1,0.27%
The Goodyear Tire and Rubber Company,5,96,1,1,0.32%
The Goodyear Tire and Rubber Company,4,445,10,5,0.18%
The Goodyear Tire and Rubber Company,12,173,6,2,0.45%
The Goodyear Tire and Rubber Company,8,265,7,4,0.28%
The Goodyear Tire and Rubber Company,23,373,7,3,0.75%
The Goodyear Tire and Rubber Company,26,300,8,1,0.82%
The Goodyear Tire and Rubber Company,22,185,9,3,0.87%
The Goodyear Tire and Rubber Company,4,349,6,1,0.02%
The Goodyear Tire and Rubber Company,4,226,4,2,0.83%
The Goodyear Tire and Rubber Company,7,428,7,5,0.74%
The Goodyear Tire and Rubber Company,14,31,9,5,0.93%
The Goodyear Tire and Rubber Company,7,361,6,1,0.19%
The Goodyear Tire and Rubber Company,12,162,4,4,0.28%
The Goodyear Tire and Rubber Company,8,448,1,5,0.32%
The Goodyear Tire and Rubber Company,6,88,3,5,0.37%
The Goodyear Tire and Rubber Company,27,370,2,1,0.76%
The Goodyear Tire and Rubber Company,5,131,9,2,0.16%
The Goodyear Tire and Rubber Company,18,379,6,1,0.84%
The Goodyear Tire and Rubber Company,27,112,10,1,0.83%
The Goodyear Tire and Rubber Company,2,30,2,4,0.98%
The Goodyear Tire and Rubber Company,13,469,4,2,0.47%
The Goodyear Tire and Rubber Company,15,38,4,3,0.02%
The Goodyear Tire and Rubber Company,7,215,5,5,0.27%
The Goodyear Tire and Rubber Company,26,428,9,2,0.48%
The Goodyear Tire and Rubber Company,2,25,6,4,0.71%
The Goodyear Tire and Rubber Company,18,198,6,2,0.23%
The Goodyear Tire and Rubber Company,15,326,2,5,0.07%
The Goodyear Tire and Rubber Company,19,380,5,1,0.90%
The Goodyear Tire and Rubber Company,5,295,2,1,0.88%
The Goodyear Tire and Rubber Company,20,449,9,4,0.41%
The Goodyear Tire and Rubber Company,7,452,5,2,0.89%
The Goodyear Tire and Rubber Company,17,255,8,1,0.20%
The Goodyear Tire and Rubber Company,7,345,2,1,0.24%
The Goodyear Tire and Rubber Company,5,140,3,3,0.60%
The Goodyear Tire and Rubber Company,4,374,10,1,0.82%
The Goodyear Tire and Rubber Company,24,195,2,2,0.52%
The Goodyear Tire and Rubber Company,16,173,7,1,0.96%
The Goodyear Tire and Rubber Company,18,444,10,5,0.46%
The Goodyear Tire and Rubber Company,13,447,4,5,0.95%
The Goodyear Tire and Rubber Company,9,153,4,3,0.22%
The Goodyear Tire and Rubber Company,16,294,5,3,0.31%
The Goodyear Tire and Rubber Company,4,183,10,5,0.33%
The Goodyear Tire and Rubber Company,1,403,6,4,0.84%
The Goodyear Tire and Rubber Company,17,458,3,1,0.20%
The Goodyear Tire and Rubber Company,13,371,2,4,0.25%
The Goodyear Tire and Rubber Company,1,16,2,4,0.09%
The Goodyear Tire and Rubber Company,2,369,5,3,0.07%
The Goodyear Tire and Rubber Company,12,326,6,2,0.70%
The Goodyear Tire and Rubber Company,10,439,10,2,0.35%
The Goodyear Tire and Rubber Company,19,350,9,4,0.37%
The Goodyear Tire and Rubber Company,7,226,9,1,0.23%
The Goodyear Tire and Rubber Company,3,107,8,5,0.32%
The Goodyear Tire and Rubber Company,4,16,3,2,0.26%
The Goodyear Tire and Rubber Company,26,63,3,4,0.97%
The Goodyear Tire and Rubber Company,16,406,4,2,0.33%
The Goodyear Tire and Rubber Company,1,177,7,3,0.70%
The Goodyear Tire and Rubber Company,22,344,5,1,0.59%
The Goodyear Tire and Rubber Company,24,272,5,3,0.34%
The Goodyear Tire and Rubber Company,11,458,9,5,0.18%
The Goodyear Tire and Rubber Company,4,455,4,3,0.93%
The Goodyear Tire and Rubber Company,3,30,1,3,0.02%
The Goodyear Tire and Rubber Company,3,164,1,5,0.92%
The Goodyear Tire and Rubber Company,1,375,2,3,0.33%
The Goodyear Tire and Rubber Company,2,154,3,5,0.01%
The Goodyear Tire and Rubber Company,1,402,4,1,0.04%
The Goodyear Tire and Rubber Company,9,476,7,1,0.82%
The Goodyear Tire and Rubber Company,6,108,9,4,0.17%
The Goodyear Tire and Rubber Company,3,27,4,2,0.48%
The Goodyear Tire and Rubber Company,0,177,9,3,0.90%
The Goodyear Tire and Rubber Company,22,293,9,4,0.80%
The Goodyear Tire and Rubber Company,23,301,8,1,0.64%
The Goodyear Tire and Rubber Company,28,469,2,3,0.19%
The Goodyear Tire and Rubber Company,18,273,3,5,0.21%
The Goodyear Tire and Rubber Company,13,383,1,3,0.82%
The Goodyear Tire and Rubber Company,10,33,9,3,0.23%
The Goodyear Tire and Rubber Company,11,206,8,5,0.40%
The Goodyear Tire and Rubber Company,24,78,1,5,0.85%
The Goodyear Tire and Rubber Company,8,270,7,4,0.09%
The Goodyear Tire and Rubber Company,20,424,7,5,0.86%
The Goodyear Tire and Rubber Company,8,152,3,1,0.98%
The Goodyear Tire and Rubber Company,6,302,8,3,0.04%
The Goodyear Tire and Rubber Company,5,77,3,4,0.64%
The Goodyear Tire and Rubber Company,18,42,5,4,0.51%
The Goodyear Tire and Rubber Company,4,52,5,5,0.36%
The Goodyear Tire and Rubber Company,3,493,4,1,0.84%
The Goodyear Tire and Rubber Company,10,97,1,1,0.67%
The Goodyear Tire and Rubber Company,21,404,3,1,0.84%
The Goodyear Tire and Rubber Company,25,132,8,2,0.06%
The Goodyear Tire and Rubber Company,19,476,3,2,0.68%
The Goodyear Tire and Rubber Company,12,254,7,4,0.31%
The Goodyear Tire and Rubber Company,8,249,8,3,0.50%
The Goodyear Tire and Rubber Company,19,209,8,4,0.71%
The Goodyear Tire and Rubber Company,2,357,2,5,0.96%
The Goodyear Tire and Rubber Company,13,301,6,1,0.03%
The Goodyear Tire and Rubber Company,2,83,2,5,0.83%
The Goodyear Tire and Rubber Company,7,17,5,3,0.04%
The Goodyear Tire and Rubber Company,24,301,4,1,0.43%
The Goodyear Tire and Rubber Company,9,39,8,5,0.47%
The Goodyear Tire and Rubber Company,0,441,10,3,0.19%
The Goodyear Tire and Rubber Company,17,172,3,4,0.12%
The Goodyear Tire and Rubber Company,27,261,10,2,0.48%
The Goodyear Tire and Rubber Company,20,330,8,1,0.97%
The Goodyear Tire and Rubber Company,10,59,10,4,0.48%
The Goodyear Tire and Rubber Company,1,179,9,1,0.37%
The Goodyear Tire and Rubber Company,9,394,7,4,0.65%
The Goodyear Tire and Rubber Company,0,35,7,1,0.33%
The Goodyear Tire and Rubber Company,28,33,7,5,0.78%
The Goodyear Tire and Rubber Company,16,500,1,2,0.89%
The Goodyear Tire and Rubber Company,7,78,9,1,0.79%
The Goodyear Tire and Rubber Company,14,177,3,2,0.62%
The Goodyear Tire and Rubber Company,15,260,9,2,0.84%
The Goodyear Tire and Rubber Company,5,407,6,3,0.56%
The Goodyear Tire and Rubber Company,17,468,6,5,0.27%
The Goodyear Tire and Rubber Company,25,283,4,3,0.70%
The Goodyear Tire and Rubber Company,21,365,5,5,0.74%
The Goodyear Tire and Rubber Company,27,46,6,2,0.88%
The Goodyear Tire and Rubber Company,10,168,4,2,0.51%
The Goodyear Tire and Rubber Company,27,454,2,1,0.87%
The Goodyear Tire and Rubber Company,12,377,7,1,0.97%
The Goodyear Tire and Rubber Company,3,384,5,2,0.47%
The Goodyear Tire and Rubber Company,18,378,3,2,0.88%
The Goodyear Tire and Rubber Company,6,402,1,5,0.33%
The Goodyear Tire and Rubber Company,14,393,9,4,0.02%
The Goodyear Tire and Rubber Company,9,40,1,4,0.33%
The Goodyear Tire and Rubber Company,5,359,1,5,0.55%
The Goodyear Tire and Rubber Company,11,346,1,3,0.54%
The Goodyear Tire and Rubber Company,22,84,6,5,0.22%
The Goodyear Tire and Rubber Company,25,492,6,1,0.90%
The Goodyear Tire and Rubber Company,19,131,9,1,0.77%
The Goodyear Tire and Rubber Company,14,431,3,4,0.65%
The Goodyear Tire and Rubber Company,1,391,4,5,0.44%
The Goodyear Tire and Rubber Company,0,169,2,1,0.18%
The Goodyear Tire and Rubber Company,2,354,4,1,0.00%
The Goodyear Tire and Rubber Company,28,148,3,2,0.29%
The Goodyear Tire and Rubber Company,22,171,1,1,0.60%
The Goodyear Tire and Rubber Company,2,401,5,3,0.57%
The Goodyear Tire and Rubber Company,9,429,9,1,0.52%
The Goodyear Tire and Rubber Company,21,102,1,4,0.28%
The Goodyear Tire and Rubber Company,22,316,7,5,0.30%
The Goodyear Tire and Rubber Company,6,89,7,4,0.81%
The Goodyear Tire and Rubber Company,13,134,2,3,0.87%
The Goodyear Tire and Rubber Company,11,234,1,2,0.07%
The Goodyear Tire and Rubber Company,6,235,6,1,0.11%
The Goodyear Tire and Rubber Company,28,416,2,2,0.47%
The Goodyear Tire and Rubber Company,22,406,3,1,0.69%
The Goodyear Tire and Rubber Company,21,117,2,3,0.45%
The Goodyear Tire and Rubber Company,28,64,10,3,0.18%
The Goodyear Tire and Rubber Company,17,398,2,4,0.92%
The Goodyear Tire and Rubber Company,16,419,7,1,0.55%
The Goodyear Tire and Rubber Company,12,253,1,3,0.13%
The Goodyear Tire and Rubber Company,27,93,7,4,0.89%
The Goodyear Tire and Rubber Company,27,174,4,2,0.42%
The Goodyear Tire and Rubber Company,6,333,1,1,0.23%
The Goodyear Tire and Rubber Company,10,440,1,4,0.50%
The Goodyear Tire and Rubber Company,14,344,5,4,0.40%
The Goodyear Tire and Rubber Company,10,349,5,5,0.35%
The Goodyear Tire and Rubber Company,15,295,8,1,0.82%
The Goodyear Tire and Rubber Company,9,450,9,2,0.51%
The Goodyear Tire and Rubber Company,13,95,7,2,0.92%
The Goodyear Tire and Rubber Company,21,120,3,4,0.60%
The Goodyear Tire and Rubber Company,13,61,2,1,0.43%
The Goodyear Tire and Rubber Company,13,432,5,4,0.42%
The Goodyear Tire and Rubber Company,11,106,7,4,0.35%
The Goodyear Tire and Rubber Company,17,87,1,2,0.26%
The Goodyear Tire and Rubber Company,7,483,3,2,0.14%
The Goodyear Tire and Rubber Company,26,14,4,1,0.62%
The Goodyear Tire and Rubber Company,6,244,10,1,0.17%
The Goodyear Tire and Rubber Company,17,64,7,1,0.94%
The Goodyear Tire and Rubber Company,24,351,3,5,0.39%
The Goodyear Tire and Rubber Company,6,401,3,1,0.69%
The Goodyear Tire and Rubber Company,0,188,4,1,0.79%
The Goodyear Tire and Rubber Company,8,227,5,1,0.30%
The Goodyear Tire and Rubber Company,4,267,7,4,0.78%
The Goodyear Tire and Rubber Company,16,368,7,4,0.99%
The Goodyear Tire and Rubber Company,8,377,8,1,0.30%
The Goodyear Tire and Rubber Company,9,212,3,1,0.61%
The Goodyear Tire and Rubber Company,22,45,6,3,0.32%
The Goodyear Tire and Rubber Company,5,489,1,3,0.66%
The Goodyear Tire and Rubber Company,15,386,5,2,0.36%
The Goodyear Tire and Rubber Company,4,188,3,1,0.39%
The Goodyear Tire and Rubber Company,4,33,4,3,0.68%
The Goodyear Tire and Rubber Company,1,415,6,1,0.76%
The Goodyear Tire and Rubber Company,15,272,2,4,0.98%
The Goodyear Tire and Rubber Company,2,427,4,5,0.04%
The Goodyear Tire and Rubber Company,21,212,10,2,0.99%
The Goodyear Tire and Rubber Company,27,244,5,5,0.17%
The Goodyear Tire and Rubber Company,13,491,2,1,0.75%
The Goodyear Tire and Rubber Company,1,186,1,1,0.06%
The Goodyear Tire and Rubber Company,20,265,3,3,0.22%
The Goodyear Tire and Rubber Company,10,14,6,1,0.21%
The Goodyear Tire and Rubber Company,20,149,5,5,0.63%
The Goodyear Tire and Rubber Company,18,151,1,1,0.69%
The Goodyear Tire and Rubber Company,16,396,2,2,0.70%
The Goodyear Tire and Rubber Company,18,426,3,1,0.65%
The Goodyear Tire and Rubber Company,3,447,1,3,0.26%
The Goodyear Tire and Rubber Company,7,211,4,5,0.92%
The Goodyear Tire and Rubber Company,8,51,3,2,0.66%
The Goodyear Tire and Rubber Company,13,142,4,3,0.61%
The Goodyear Tire and Rubber Company,26,189,3,3,0.66%
The Goodyear Tire and Rubber Company,24,116,1,2,0.87%
The Goodyear Tire and Rubber Company,21,173,8,3,0.97%
The Goodyear Tire and Rubber Company,15,334,6,1,0.06%
The Goodyear Tire and Rubber Company,8,283,1,3,0.85%
The Goodyear Tire and Rubber Company,15,12,10,2,0.14%
The Goodyear Tire and Rubber Company,27,300,6,3,0.88%
The Goodyear Tire and Rubber Company,3,302,2,2,0.20%
The Goodyear Tire and Rubber Company,27,103,6,3,0.20%
The Goodyear Tire and Rubber Company,12,104,9,3,0.03%
The Goodyear Tire and Rubber Company,27,455,6,5,0.04%
The Goodyear Tire and Rubber Company,23,449,4,4,0.04%
The Goodyear Tire and Rubber Company,12,468,1,1,0.28%
The Goodyear Tire and Rubber Company,13,272,2,2,0.29%
The Goodyear Tire and Rubber Company,15,371,4,5,0.02%
The Goodyear Tire and Rubber Company,1,185,10,5,0.89%
The Goodyear Tire and Rubber Company,0,407,8,3,0.23%
The Goodyear Tire and Rubber Company,22,402,4,5,0.38%
The Goodyear Tire and Rubber Company,17,98,7,4,0.97%
The Goodyear Tire and Rubber Company,17,127,4,1,0.98%
The Goodyear Tire and Rubber Company,9,119,4,5,0.71%
Master Research & Manufacturing,26,422,9,3,0.75%
Master Research & Manufacturing,27,423,6,5,0.34%
Master Research & Manufacturing,27,182,1,1,0.35%
Master Research & Manufacturing,7,381,6,5,0.26%
Master Research & Manufacturing,25,263,10,4,0.70%
Master Research & Manufacturing,0,465,1,2,0.88%
Master Research & Manufacturing,26,185,10,3,0.56%
Master Research & Manufacturing,22,305,6,3,0.39%
Master Research & Manufacturing,19,303,3,5,0.87%
Master Research & Manufacturing,25,495,2,1,0.73%
Master Research & Manufacturing,19,489,2,5,0.27%
Master Research & Manufacturing,3,446,10,2,0.44%
Master Research & Manufacturing,16,132,3,3,0.61%
Master Research & Manufacturing,7,259,5,1,0.02%
Master Research & Manufacturing,3,48,9,3,0.81%
Master Research & Manufacturing,16,100,1,3,0.89%
Master Research & Manufacturing,2,290,5,1,0.97%
Master Research & Manufacturing,24,102,4,4,0.11%
Master Research & Manufacturing,21,149,2,4,0.78%
Master Research & Manufacturing,12,266,1,4,0.46%
Master Research & Manufacturing,17,200,7,4,0.15%
Master Research & Manufacturing,3,220,8,1,0.63%
Master Research & Manufacturing,21,45,5,3,0.48%
Master Research & Manufacturing,28,199,10,4,0.15%
Master Research & Manufacturing,10,151,6,5,0.25%
Master Research & Manufacturing,27,277,6,3,0.80%
Master Research & Manufacturing,27,151,6,2,0.68%
Master Research & Manufacturing,12,46,10,5,0.85%
Master Research & Manufacturing,27,123,7,5,0.37%
Master Research & Manufacturing,22,438,8,4,0.87%
Master Research & Manufacturing,20,470,3,2,0.93%
Master Research & Manufacturing,13,173,6,4,0.55%
Master Research & Manufacturing,26,291,2,1,0.09%
Master Research & Manufacturing,13,147,8,4,0.49%
Master Research & Manufacturing,24,224,9,1,0.84%
Master Research & Manufacturing,5,499,8,3,0.93%
Master Research & Manufacturing,8,35,6,4,0.15%
Master Research & Manufacturing,1,135,4,5,0.90%
Master Research & Manufacturing,16,61,7,3,0.81%
Master Research & Manufacturing,15,186,3,3,0.07%
Master Research & Manufacturing,28,354,10,1,0.28%
Master Research & Manufacturing,7,461,10,4,0.48%
Master Research & Manufacturing,25,347,1,2,0.05%
Master Research & Manufacturing,4,312,9,1,0.05%
Master Research & Manufacturing,0,461,8,4,0.21%
Master Research & Manufacturing,26,268,9,4,0.01%
Master Research & Manufacturing,25,425,7,3,0.51%
Master Research & Manufacturing,25,261,6,2,0.60%
Master Research & Manufacturing,8,332,6,3,0.44%
Master Research & Manufacturing,6,226,1,3,0.98%
Master Research & Manufacturing,21,91,8,1,0.51%
Master Research & Manufacturing,26,317,2,1,0.04%
Master Research & Manufacturing,9,215,6,4,0.93%
Master Research & Manufacturing,4,127,5,2,0.91%
Master Research & Manufacturing,27,199,5,1,0.96%
Master Research & Manufacturing,27,100,6,1,0.43%
Master Research & Manufacturing,27,159,9,3,0.06%
Master Research & Manufacturing,5,183,10,1,0.38%
Master Research & Manufacturing,21,326,2,2,0.75%
Master Research & Manufacturing,12,147,3,4,0.20%
Master Research & Manufacturing,24,492,8,4,0.76%
Master Research & Manufacturing,12,225,3,1,0.62%
Master Research & Manufacturing,23,60,9,2,0.20%
Master Research & Manufacturing,23,24,3,5,0.79%
Master Research & Manufacturing,28,143,8,1,0.84%
Master Research & Manufacturing,1,473,7,5,0.78%
Master Research & Manufacturing,20,386,10,5,0.18%
Master Research & Manufacturing,14,431,8,3,0.32%
Master Research & Manufacturing,24,460,7,3,0.82%
Master Research & Manufacturing,1,303,9,2,0.53%
Master Research & Manufacturing,10,41,9,3,0.95%
Master Research & Manufacturing,18,228,6,1,0.76%
Master Research & Manufacturing,1,11,3,4,0.19%
Master Research & Manufacturing,14,109,7,4,0.47%
Master Research & Manufacturing,1,349,3,1,0.92%
Master Research & Manufacturing,2,193,6,2,0.38%
Master Research & Manufacturing,0,38,9,5,0.52%
Master Research & Manufacturing,1,458,9,1,0.11%
Master Research & Manufacturing,21,337,5,3,0.22%
Master Research & Manufacturing,17,342,5,2,0.46%
Master Research & Manufacturing,5,120,10,5,0.56%
Master Research & Manufacturing,21,37,2,2,0.59%
Master Research & Manufacturing,5,434,4,2,0.05%
Master Research & Manufacturing,5,270,10,2,0.40%
Master Research & Manufacturing,4,285,1,1,0.28%
Master Research & Manufacturing,16,158,3,4,0.60%
Master Research & Manufacturing,15,337,5,5,0.24%
Master Research & Manufacturing,16,405,5,3,0.91%
Master Research & Manufacturing,14,195,8,3,0.44%
Master Research & Manufacturing,20,256,4,4,0.72%
M-Tron Components,3,305,9,2,0.55%
M-Tron Components,24,148,5,2,0.47%
M-Tron Components,24,116,1,5,0.40%
M-Tron Components,17,441,8,2,0.18%
M-Tron Components,0,363,8,2,0.11%
M-Tron Components,19,197,6,3,0.32%
M-Tron Components,8,255,3,5,0.81%
M-Tron Components,9,313,9,4,0.33%
M-Tron Components,26,224,10,5,0.57%
M-Tron Components,26,63,1,4,0.47%
M-Tron Components,10,41,3,5,0.39%
M-Tron Components,2,394,6,2,0.30%
M-Tron Components,28,144,9,1,0.51%
M-Tron Components,3,12,4,1,0.12%
M-Tron Components,3,214,3,5,0.85%
M-Tron Components,4,313,9,3,0.77%
M-Tron Components,1,344,10,1,0.93%
M-Tron Components,2,424,6,3,0.65%
M-Tron Components,15,342,3,2,0.43%
M-Tron Components,4,221,7,3,0.75%
M-Tron Components,8,235,3,3,0.88%
M-Tron Components,0,103,1,5,0.12%
M-Tron Components,28,467,9,2,0.91%
M-Tron Components,7,100,3,4,0.42%
M-Tron Components,9,120,5,2,0.05%
M-Tron Components,13,438,9,5,0.48%
M-Tron Components,4,336,10,4,0.67%
M-Tron Components,21,285,10,5,0.74%
M-Tron Components,14,233,8,3,0.47%
M-Tron Components,23,297,3,4,0.72%
M-Tron Components,22,186,6,4,0.20%
M-Tron Components,28,92,6,3,0.53%
M-Tron Components,3,359,3,2,0.02%
M-Tron Components,25,33,7,2,0.12%
M-Tron Components,28,429,6,2,0.94%
M-Tron Components,22,337,1,2,0.06%
M-Tron Components,20,474,3,2,0.18%
M-Tron Components,23,246,5,2,0.36%
M-Tron Components,25,483,10,1,0.71%
M-Tron Components,15,267,4,2,0.35%
M-Tron Components,18,468,2,3,0.57%
M-Tron Components,17,82,7,3,0.71%
M-Tron Components,10,472,3,5,0.62%
M-Tron Components,5,315,3,1,0.96%
M-Tron Components,26,461,7,2,0.25%
M-Tron Components,15,18,8,3,0.90%
M-Tron Components,12,445,4,4,0.80%
M-Tron Components,22,302,8,4,0.78%
M-Tron Components,1,401,3,5,0.72%
M-Tron Components,5,63,4,3,0.81%
M-Tron Components,12,402,8,3,0.98%
M-Tron Components,6,36,1,3,0.67%
M-Tron Components,18,321,7,3,0.53%
M-Tron Components,23,301,2,1,0.49%
M-Tron Components,18,143,6,5,0.77%
M-Tron Components,12,13,3,3,0.96%
M-Tron Components,19,403,5,3,0.64%
M-Tron Components,1,130,10,2,0.45%
M-Tron Components,15,169,4,4,0.02%
M-Tron Components,20,68,7,1,0.67%
M-Tron Components,28,317,6,2,0.32%
M-Tron Components,28,12,10,4,0.08%
M-Tron Components,2,40,8,2,0.52%
M-Tron Components,21,260,7,2,0.72%
M-Tron Components,23,232,4,2,0.73%
M-Tron Components,13,300,5,3,0.21%
M-Tron Components,20,374,4,1,0.52%
M-Tron Components,10,21,9,5,0.09%
M-Tron Components,19,58,4,2,0.54%
M-Tron Components,6,211,1,1,0.18%
M-Tron Components,21,295,2,5,0.56%
M-Tron Components,24,461,8,1,0.01%
M-Tron Components,20,89,8,4,0.91%
M-Tron Components,6,177,6,5,0.65%
M-Tron Components,5,427,7,2,0.19%
M-Tron Components,17,141,3,5,0.97%
M-Tron Components,13,155,1,3,0.46%
M-Tron Components,28,189,9,1,0.79%
M-Tron Components,1,64,8,4,0.12%
M-Tron Components,19,423,2,1,0.18%
M-Tron Components,4,30,9,4,0.07%
M-Tron Components,6,448,10,1,0.59%
M-Tron Components,3,389,4,4,0.93%
M-Tron Components,9,319,5,4,0.97%
M-Tron Components,16,34,9,2,0.92%
M-Tron Components,26,101,8,4,0.75%
M-Tron Components,5,273,2,5,0.99%
M-Tron Components,23,214,4,3,0.96%
M-Tron Components,18,399,5,2,0.40%
M-Tron Components,11,486,3,2,0.64%
M-Tron Components,28,340,9,3,0.93%
M-Tron Components,4,484,8,3,0.61%
M-Tron Components,5,119,6,2,0.04%
M-Tron Components,24,260,3,5,0.22%
M-Tron Components,24,421,2,3,0.32%
M-Tron Components,7,155,8,2,0.79%
M-Tron Components,16,489,8,2,0.38%
M-Tron Components,22,198,7,3,0.80%
M-Tron Components,13,453,2,5,0.21%
M-Tron Components,19,99,4,4,0.76%
M-Tron Components,15,491,4,1,0.55%
M-Tron Components,19,343,9,3,0.79%
M-Tron Components,10,381,1,1,0.49%
M-Tron Components,13,108,8,4,0.61%
M-Tron Components,1,190,6,4,0.25%
M-Tron Components,16,202,8,1,0.72%
M-Tron Components,20,491,3,3,0.03%
M-Tron Components,18,353,7,1,0.46%
M-Tron Components,7,220,9,5,0.80%
M-Tron Components,26,400,1,5,0.99%
M-Tron Components,24,80,4,1,0.45%
M-Tron Components,11,61,3,3,0.97%
M-Tron Components,10,114,1,4,0.70%
M-Tron Components,23,322,5,2,0.38%
M-Tron Components,0,375,7,3,0.63%
M-Tron Components,15,461,9,4,0.03%
M-Tron Components,10,480,6,3,0.09%
M-Tron Components,0,425,10,1,0.67%
M-Tron Components,0,473,5,4,0.68%
M-Tron Components,28,116,7,4,0.97%
M-Tron Components,16,282,10,1,0.53%
M-Tron Components,16,304,8,3,0.27%
M-Tron Components,27,128,1,3,0.17%
M-Tron Components,14,118,2,2,0.12%
M-Tron Components,23,357,6,2,0.45%
M-Tron Components,0,416,8,4,0.85%
M-Tron Components,11,469,9,4,0.69%
M-Tron Components,16,213,2,1,0.32%
M-Tron Components,7,427,3,2,0.84%
M-Tron Components,28,454,5,4,0.30%
M-Tron Components,28,52,4,2,0.69%
M-Tron Components,16,129,10,4,0.09%
M-Tron Components,14,339,7,1,0.81%
M-Tron Components,7,85,5,2,0.80%
M-Tron Components,18,199,3,3,0.18%
M-Tron Components,28,500,1,3,0.80%
M-Tron Components,0,156,2,5,0.46%
M-Tron Components,1,30,3,3,0.94%
M-Tron Components,20,353,1,4,0.89%
M-Tron Components,5,52,2,4,0.97%
WilliamsRDM,14,156,2,2,0.11%
WilliamsRDM,16,269,10,5,0.48%
WilliamsRDM,7,435,8,1,0.72%
WilliamsRDM,14,447,3,2,0.34%
WilliamsRDM,19,184,8,5,0.85%
WilliamsRDM,22,55,1,2,0.71%
WilliamsRDM,19,36,5,1,0.67%
WilliamsRDM,4,460,4,5,0.74%
WilliamsRDM,1,484,9,1,0.31%
WilliamsRDM,28,169,4,4,0.90%
WilliamsRDM,6,97,1,4,0.67%
WilliamsRDM,24,320,10,5,0.16%
WilliamsRDM,2,22,10,2,0.17%
WilliamsRDM,3,14,10,1,0.20%
WilliamsRDM,23,379,3,2,0.73%
WilliamsRDM,1,285,6,2,0.40%
WilliamsRDM,3,491,10,5,0.68%
WilliamsRDM,4,311,9,5,0.90%
WilliamsRDM,16,308,2,1,0.16%
WilliamsRDM,9,258,10,3,0.69%
WilliamsRDM,28,244,3,1,0.22%
WilliamsRDM,21,375,3,5,0.79%
WilliamsRDM,27,263,9,5,0.44%
WilliamsRDM,19,435,1,1,0.65%
WilliamsRDM,1,202,7,3,0.20%
WilliamsRDM,10,170,10,3,0.30%
WilliamsRDM,14,30,9,1,0.92%
WilliamsRDM,9,100,3,5,0.24%
WilliamsRDM,22,483,7,1,0.62%
WilliamsRDM,16,377,9,1,0.92%
WilliamsRDM,10,413,7,3,0.68%
WilliamsRDM,13,483,6,1,0.01%
WilliamsRDM,19,449,4,2,0.18%
WilliamsRDM,15,234,1,1,0.56%
WilliamsRDM,13,221,4,2,0.29%
WilliamsRDM,5,97,10,3,0.78%
WilliamsRDM,2,78,6,5,0.27%
WilliamsRDM,10,226,7,3,0.85%
WilliamsRDM,12,319,8,1,0.17%
WilliamsRDM,24,347,8,2,0.13%
WilliamsRDM,19,430,3,1,0.81%
WilliamsRDM,2,23,6,3,0.56%
WilliamsRDM,10,126,8,1,0.57%
WilliamsRDM,12,474,7,3,0.31%
WilliamsRDM,13,28,7,1,0.12%
WilliamsRDM,4,123,2,5,0.92%
WilliamsRDM,18,164,8,3,0.30%
WilliamsRDM,13,81,7,5,0.35%
WilliamsRDM,27,53,9,5,0.20%
WilliamsRDM,24,271,9,3,0.86%
WilliamsRDM,13,446,1,5,0.98%
WilliamsRDM,13,263,7,3,0.56%
WilliamsRDM,20,108,7,4,0.67%
WilliamsRDM,16,141,8,2,0.72%
WilliamsRDM,3,55,5,1,0.04%
WilliamsRDM,21,434,3,1,0.11%
WilliamsRDM,11,470,1,2,0.05%
WilliamsRDM,1,429,5,1,0.64%
WilliamsRDM,0,413,7,3,1.00%
WilliamsRDM,12,168,5,4,0.78%
WilliamsRDM,17,251,2,2,0.61%
WilliamsRDM,9,277,9,5,0.49%
